,usd_inr
2000-01-31,45.04166666666663
2000-02-29,45.08333333333337
2000-03-31,45.125
2000-04-30,45.16666666666663
2000-05-31,45.20833333333337
2000-06-30,45.25
2000-07-31,45.29166666666663
2000-08-31,45.33333333333337
2000-09-30,45.375
2000-10-31,45.41666666666663
2000-11-30,45.45833333333337
2000-12-31,45.5
2001-01-31,45.54166666666663
2001-02-28,45.58333333333337
2001-03-31,45.625
2001-04-30,45.66666666666663
2001-05-31,45.70833333333337
2001-06-30,45.75
2001-07-31,45.79166666666663
2001-08-31,45.83333333333337
2001-09-30,45.875
2001-10-31,45.91666666666663
2001-11-30,45.95833333333337
2001-12-31,46.0
2002-01-31,46.04166666666663
2002-02-28,46.08333333333337
2002-03-31,46.125
2002-04-30,46.16666666666663
2002-05-31,46.20833333333337
2002-06-30,46.25
2002-07-31,46.29166666666663
2002-08-31,46.33333333333337
2002-09-30,46.375
2002-10-31,46.41666666666663
2002-11-30,46.45833333333337
2002-12-31,46.5
2003-01-31,46.54166666666663
2003-02-28,46.58333333333337
2003-03-31,46.625
2003-04-30,46.66666666666663
2003-05-31,46.70833333333337
2003-06-30,46.75
2003-07-31,46.79166666666663
2003-08-31,46.83333333333337
2003-09-30,46.875
2003-10-31,46.91666666666663
2003-11-30,46.95833333333337
2003-12-31,47.0
2004-01-31,47.04166666666663
2004-02-29,47.08333333333337
2004-03-31,47.125
2004-04-30,47.16666666666663
2004-05-31,47.20833333333337
2004-06-30,47.25
2004-07-31,47.29166666666663
2004-08-31,47.33333333333337
2004-09-30,47.375
2004-10-31,47.41666666666663
2004-11-30,47.45833333333337
2004-12-31,47.5
2005-01-31,47.54166666666663
2005-02-28,47.58333333333337
2005-03-31,47.625
2005-04-30,47.66666666666663
2005-05-31,47.70833333333337
2005-06-30,47.75
2005-07-31,47.79166666666663
2005-08-31,47.83333333333337
2005-09-30,47.875
2005-10-31,47.91666666666663
2005-11-30,47.95833333333337
2005-12-31,48.0
2006-01-31,48.04166666666663
2006-02-28,48.08333333333337
2006-03-31,48.125
2006-04-30,48.16666666666663
2006-05-31,48.20833333333337
2006-06-30,48.25
2006-07-31,48.29166666666663
2006-08-31,48.33333333333337
2006-09-30,48.375
2006-10-31,48.41666666666663
2006-11-30,48.45833333333337
2006-12-31,48.5
2007-01-31,48.54166666666663
2007-02-28,48.58333333333337
2007-03-31,48.625
2007-04-30,48.66666666666663
2007-05-31,48.70833333333337
2007-06-30,48.75
2007-07-31,48.79166666666663
2007-08-31,48.83333333333337
2007-09-30,48.875
2007-10-31,48.91666666666663
2007-11-30,48.95833333333337
2007-12-31,48.0
2008-01-31,48.166666666666515
2008-02-29,48.333333333333485
2008-03-31,48.5
2008-04-30,48.666666666666515
2008-05-31,48.833333333333485
2008-06-30,49.0
2008-07-31,49.166666666666515
2008-08-31,49.333333333333485
2008-09-30,49.5
2008-10-31,49.666666666666515
2008-11-30,49.833333333333485
2008-12-31,50.0
2009-01-31,50.166666666666515
2009-02-28,50.333333333333485
2009-03-31,50.5
2009-04-30,50.666666666666515
2009-05-31,50.833333333333485
2009-06-30,51.0
2009-07-31,51.166666666666515
2009-08-31,51.333333333333485
2009-09-30,51.5
2009-10-31,51.666666666666515
2009-11-30,51.833333333333485
2009-12-31,52.0
2010-01-31,52.166666666666515
2010-02-28,52.333333333333485
2010-03-31,52.5
2010-04-30,52.666666666666515
2010-05-31,52.833333333333485
2010-06-30,53.0
2010-07-31,53.166666666666515
2010-08-31,53.333333333333485
2010-09-30,53.5
2010-10-31,53.666666666666515
2010-11-30,53.833333333333485
2010-12-31,54.0
2011-01-31,54.166666666666515
2011-02-28,54.333333333333485
2011-03-31,54.5
2011-04-30,54.666666666666515
2011-05-31,54.833333333333485
2011-06-30,55.0
2011-07-31,55.166666666666515
2011-08-31,55.333333333333485
2011-09-30,55.5
2011-10-31,55.666666666666515
2011-11-30,55.833333333333485
2011-12-31,56.0
2012-01-31,56.166666666666515
2012-02-29,56.333333333333485
2012-03-31,56.5
2012-04-30,56.666666666666515
2012-05-31,56.833333333333485
2012-06-30,57.0
2012-07-31,57.166666666666515
2012-08-31,57.333333333333485
2012-09-30,57.5
2012-10-31,57.666666666666515
2012-11-30,57.833333333333485
2012-12-31,65.0
2013-01-31,65.20833333333314
2013-02-28,65.41666666666686
2013-03-31,65.625
2013-04-30,65.83333333333314
2013-05-31,66.04166666666686
2013-06-30,66.25
2013-07-31,66.45833333333314
2013-08-31,66.66666666666686
2013-09-30,66.875
2013-10-31,67.08333333333314
2013-11-30,67.29166666666686
2013-12-31,67.5
2014-01-31,67.70833333333314
2014-02-28,67.91666666666686
2014-03-31,68.125
2014-04-30,68.33333333333314
2014-05-31,68.54166666666686
2014-06-30,68.75
2014-07-31,68.95833333333314
2014-08-31,69.16666666666686
2014-09-30,69.375
2014-10-31,69.58333333333314
2014-11-30,69.79166666666686
2014-12-31,70.0
2015-01-31,70.20833333333314
2015-02-28,70.41666666666686
2015-03-31,70.625
2015-04-30,70.83333333333314
2015-05-31,71.04166666666686
2015-06-30,71.25
2015-07-31,71.45833333333314
2015-08-31,71.66666666666686
2015-09-30,71.875
2015-10-31,72.08333333333314
2015-11-30,72.29166666666686
2015-12-31,72.5
2016-01-31,72.70833333333314
2016-02-29,72.91666666666686
2016-03-31,73.125
2016-04-30,73.33333333333314
2016-05-31,73.54166666666686
2016-06-30,73.75
2016-07-31,73.95833333333314
2016-08-31,74.16666666666686
2016-09-30,74.375
2016-10-31,74.58333333333314
2016-11-30,74.79166666666686
2016-12-31,75.0
2017-01-31,75.20833333333314
2017-02-28,75.41666666666686
2017-03-31,75.625
2017-04-30,75.83333333333314
2017-05-31,76.04166666666686
2017-06-30,76.25
2017-07-31,76.45833333333314
2017-08-31,76.66666666666686
2017-09-30,76.875
2017-10-31,77.08333333333314
2017-11-30,77.29166666666686
2017-12-31,77.5
2018-01-31,77.70833333333314
2018-02-28,77.91666666666686
2018-03-31,78.125
2018-04-30,78.33333333333314
2018-05-31,78.54166666666686
2018-06-30,78.75
2018-07-31,78.95833333333314
2018-08-31,79.16666666666686
2018-09-30,79.375
2018-10-31,79.58333333333314
2018-11-30,79.79166666666686
2018-12-31,80.0
2019-01-31,80.20833333333314
2019-02-28,80.41666666666686
2019-03-31,80.625
2019-04-30,80.83333333333314
2019-05-31,81.04166666666686
2019-06-30,81.25
2019-07-31,81.45833333333314
2019-08-31,81.66666666666686
2019-09-30,81.875
2019-10-31,82.08333333333314
2019-11-30,82.29166666666686
2019-12-31,75.0
2020-01-31,75.24999999999977
2020-02-29,75.50000000000023
2020-03-31,75.75
2020-04-30,75.99999999999977
2020-05-31,76.25000000000023
2020-06-30,76.5
2020-07-31,76.74999999999977
2020-08-31,77.00000000000023
2020-09-30,77.25
2020-10-31,77.49999999999977
2020-11-30,77.75000000000023
2020-12-31,78.0
2021-01-31,78.24999999999977
2021-02-28,78.50000000000023
2021-03-31,78.75
2021-04-30,78.99999999999977
2021-05-31,79.25000000000023
2021-06-30,79.5
2021-07-31,79.74999999999977
2021-08-31,80.00000000000023
2021-09-30,80.25
2021-10-31,80.49999999999977
2021-11-30,80.75000000000023
2021-12-31,81.0
2022-01-31,81.24999999999977
2022-02-28,81.50000000000023
2022-03-31,81.75
2022-04-30,81.99999999999977
2022-05-31,82.25000000000023
2022-06-30,82.5
2022-07-31,82.74999999999977
2022-08-31,83.00000000000023
2022-09-30,83.25
2022-10-31,83.49999999999977
2022-11-30,83.75000000000023
2022-12-31,84.0
2023-01-31,84.24999999999977
2023-02-28,84.50000000000023
2023-03-31,84.75
2023-04-30,84.99999999999977
2023-05-31,85.25000000000023
2023-06-30,85.5
2023-07-31,85.74999999999977
2023-08-31,86.00000000000023
2023-09-30,86.25
2023-10-31,86.49999999999977
2023-11-30,86.75000000000023
2023-12-31,83.0
2024-01-31,83.41666666666629
2024-02-29,83.83333333333371
2024-03-31,84.25
2024-04-30,84.66666666666629
2024-05-31,85.08333333333371
2024-06-30,85.5
2024-07-31,85.91666666666629
2024-08-31,86.33333333333371
2024-09-30,86.75
2024-10-31,87.16666666666629
2024-11-30,87.58333333333371
2024-12-31,88.0
2025-01-31,88.41666666666629
2025-02-28,88.83333333333371
2025-03-31,89.25
2025-04-30,89.66666666666629
2025-05-31,90.08333333333371
2025-06-30,90.5
2025-07-31,90.91666666666629
2025-08-31,91.33333333333371
2025-09-30,91.75
2025-10-31,92.16666666666629
2025-11-30,92.58333333333371
2025-12-31,93.0
2026-01-31,93.41666666666629
2026-02-28,93.83333333333371
2026-03-31,94.25
2026-04-30,94.66666666666629
2026-05-31,95.08333333333371
